<?xml version="1.0" encoding="UTF-8"?> 
<java version="1.6.0_14" class="java.beans.XMLDecoder"> 
 <object class="com.snp.site.config.LanmuConfig"> 
  <void property="lanmu1"> 
   <string>spmp1</string> 
  </void> 
  <void property="lanmu10"> 
   <string>spmp7</string> 
  </void> 
  <void property="lanmu3"> 
   <string>spmp4</string> 
  </void> 
  <void property="lanmu4"> 
   <string>spmp8</string> 
  </void> 
  <void property="lanmu5"> 
   <string>spmp5</string> 
  </void> 
  <void property="lanmu6"> 
   <string>guest</string> 
  </void> 
  <void property="lanmu7"> 
   <string>check</string> 
  </void> 
  <void property="lanmu8"> 
   <string>job</string> 
  </void> 
  <void property="lanmu9"> 
   <string>address</string> 
  </void> 
  <void property="lanmudir1"> 
   <string>spmp1</string> 
  </void> 
  <void property="lanmudir2"> 
   <string>spmp4</string> 
  </void> 
  <void property="lanmuindex1num"> 
   <string>3</string> 
  </void> 
  <void property="lanmuindex2num"> 
   <string>3</string> 
  </void> 
  <void property="lanmuindex3num"> 
   <string>3</string> 
  </void> 
  <void property="lanmuindex4num"> 
   <string>3</string> 
  </void> 
  <void property="searchservice"> 
   <string>google</string> 
  </void> 
  <void property="videoautoplay"> 
   <string></string> 
  </void> 
  <void property="videoheight"> 
   <string>125</string> 
  </void> 
  <void property="videologtxt"> 
   <string>www.snpsoft.com</string> 
  </void> 
  <void property="videowidth"> 
   <string>200</string> 
  </void> 
 </object> 
</java> 
