<?xml version="1.0" encoding="UTF-8"?> 
<java version="1.6.0_14" class="java.beans.XMLDecoder"> 
 <object class="com.snp.site.config.MemberConfig"> 
  <void property="memberPropertyObjectList"> 
   <void method="add"> 
    <object class="com.snp.site.config.MemberPropertyObject"> 
     <void property="display"> 
      <string>NO</string> 
     </void> 
     <void property="name"> 
      <string>memebr_old</string> 
     </void> 
     <void property="type"> 
      <string>input</string> 
     </void> 
    </object> 
   </void> 
   <void method="add"> 
    <object class="com.snp.site.config.MemberPropertyObject"> 
     <void property="display"> 
      <string>NO</string> 
     </void> 
     <void property="name"> 
      <string>memebr_phone</string> 
     </void> 
     <void property="type"> 
      <string>input</string> 
     </void> 
    </object> 
   </void> 
   <void method="add"> 
    <object class="com.snp.site.config.MemberPropertyObject"> 
     <void property="display"> 
      <string>NO</string> 
     </void> 
     <void property="name"> 
      <string>memebr_tax</string> 
     </void> 
     <void property="type"> 
      <string>input</string> 
     </void> 
    </object> 
   </void> 
   <void method="add"> 
    <object class="com.snp.site.config.MemberPropertyObject"> 
     <void property="display"> 
      <string>NO</string> 
     </void> 
     <void property="name"> 
      <string>memebr_sex</string> 
     </void> 
     <void property="option"> 
      <string>memebr_male,memebr_female</string> 
     </void> 
     <void property="type"> 
      <string>select</string> 
     </void> 
    </object> 
   </void> 
   <void method="add"> 
    <object class="com.snp.site.config.MemberPropertyObject"> 
     <void property="display"> 
      <string>NO</string> 
     </void> 
     <void property="name"> 
      <string>memebr_job</string> 
     </void> 
     <void property="type"> 
      <string>input</string> 
     </void> 
    </object> 
   </void> 
   <void method="add"> 
    <object class="com.snp.site.config.MemberPropertyObject"> 
     <void property="display"> 
      <string>NO</string> 
     </void> 
     <void property="name"> 
      <string>memebr_country</string> 
     </void> 
     <void property="type"> 
      <string>input</string> 
     </void> 
    </object> 
   </void> 
   <void method="add"> 
    <object class="com.snp.site.config.MemberPropertyObject"> 
     <void property="display"> 
      <string>NO</string> 
     </void> 
     <void property="name"> 
      <string>memebr_address</string> 
     </void> 
     <void property="type"> 
      <string>input</string> 
     </void> 
    </object> 
   </void> 
   <void method="add"> 
    <object class="com.snp.site.config.MemberPropertyObject"> 
     <void property="display"> 
      <string>NO</string> 
     </void> 
     <void property="name"> 
      <string>memebr_postalcode</string> 
     </void> 
     <void property="type"> 
      <string>input</string> 
     </void> 
    </object> 
   </void> 
   <void method="add"> 
    <object class="com.snp.site.config.MemberPropertyObject"> 
     <void property="display"> 
      <string>NO</string> 
     </void> 
     <void property="name"> 
      <string>memebr_company</string> 
     </void> 
     <void property="type"> 
      <string>textarea</string> 
     </void> 
    </object> 
   </void> 
  </void> 
 </object> 
</java> 
